"user_id","first_name","last_name","gender","level","created_at","updated_at"
2,"Jizelle","Benjamin","F","free","2025-10-21 15:35:08.870509","2025-10-21 15:39:41.411418"
3,"Isaac","Valdez","M","free","2025-10-21 15:35:06.983597","2025-10-21 15:39:33.007223"
4,"Alivia","Terrell","F","free","2025-10-21 15:35:14.855347","2025-10-21 15:39:48.461085"
5,"Elijah","Davis","M","free","2025-10-21 15:35:36.217089","2025-10-21 15:39:49.351278"
6,"Cecilia","Owens","F","free","2025-10-21 15:35:07.387364","2025-10-21 15:39:47.457815"
7,"Adelyn","Jordan","F","free","2025-10-21 15:35:09.658034","2025-10-21 15:39:42.069143"
8,"Kaylee","Summers","F","free","2025-10-21 15:35:06.902661","2025-10-21 15:39:46.824111"
9,"Wyatt","Scott","M","free","2025-10-21 15:35:09.242703","2025-10-21 15:39:48.461085"
10,"Sylvie","Cruz","F","free","2025-10-21 15:35:06.902661","2025-10-21 15:39:48.461085"
11,"Christian","Porter","F","free","2025-10-21 15:35:09.658034","2025-10-21 15:39:45.395939"
12,"Austin","Rosales","M","free","2025-10-21 15:35:08.052393","2025-10-21 15:39:49.351278"
13,"Ava","Robinson","F","free","2025-10-21 15:35:10.04112","2025-10-21 15:39:47.457815"
14,"Theodore","Harris","M","free","2025-10-21 15:35:09.242703","2025-10-21 15:39:48.461085"
15,"Lily","Koch","F","paid","2025-10-21 15:35:06.983597","2025-10-21 15:39:46.276768"
16,"Rylan","George","M","paid","2025-10-21 15:35:07.651589","2025-10-21 15:39:49.351278"
17,"Makinley","Jones","F","free","2025-10-21 15:35:06.983597","2025-10-21 15:39:47.457815"
18,"Jacob","Rogers","M","free","2025-10-21 15:35:10.04112","2025-10-21 15:39:42.740431"
19,"Zachary","Thomas","M","free","2025-10-21 15:35:34.574033","2025-10-21 15:39:47.457815"
20,"Aiden","Ramirez","M","paid","2025-10-21 15:35:09.658034","2025-10-21 15:39:35.945965"
22,"Sean","Wilson","F","free","2025-10-21 15:35:36.948111","2025-10-21 15:39:48.461085"
23,"Morris","Gilmore","M","free","2025-10-21 15:35:09.242703","2025-10-21 15:39:45.395939"
24,"Layla","Griffin","F","paid","2025-10-21 15:35:08.052393","2025-10-21 15:39:49.351278"
25,"Jayden","Graves","M","paid","2025-10-21 15:35:07.651589","2025-10-21 15:39:42.740431"
26,"Ryan","Smith","M","free","2025-10-21 15:35:06.902661","2025-10-21 15:39:49.351278"
27,"Carlos","Carter","M","free","2025-10-21 15:35:08.052393","2025-10-21 15:39:35.945965"
28,"Brantley","West","M","free","2025-10-21 15:35:07.651589","2025-10-21 15:39:46.824111"
29,"Jacqueline","Lynch","F","paid","2025-10-21 15:35:08.052393","2025-10-21 15:39:47.457815"
30,"Avery","Watkins","F","paid","2025-10-21 15:35:08.870509","2025-10-21 15:39:49.351278"
32,"Lily","Burns","F","free","2025-10-21 15:35:07.651589","2025-10-21 15:39:48.461085"
33,"Bronson","Harris","M","free","2025-10-21 15:35:07.651589","2025-10-21 15:39:49.351278"
34,"Evelin","Ayala","F","free","2025-10-21 15:35:08.870509","2025-10-21 15:39:38.51069"
35,"Molly","Taylor","F","free","2025-10-21 15:35:08.052393","2025-10-21 15:39:42.740431"
36,"Matthew","Jones","M","paid","2025-10-21 15:35:09.658034","2025-10-21 15:39:49.351278"
37,"Jordan","Hicks","F","free","2025-10-21 15:35:07.651589","2025-10-21 15:39:47.457815"
38,"Gianna","Jones","F","free","2025-10-21 15:35:36.217089","2025-10-21 15:39:46.824111"
39,"Walter","Frye","M","free","2025-10-21 15:35:36.524074","2025-10-21 15:39:48.461085"
40,"Tucker","Garrison","M","free","2025-10-21 15:35:17.900042","2025-10-21 15:39:47.457815"
41,"Brayden","Clark","M","free","2025-10-21 15:35:33.834452","2025-10-21 15:39:42.740431"
42,"Harper","Barrett","M","paid","2025-10-21 15:35:08.052393","2025-10-21 15:39:42.740431"
43,"Jahiem","Miles","M","free","2025-10-21 15:35:07.651589","2025-10-21 15:39:49.351278"
44,"Aleena","Kirby","F","paid","2025-10-21 15:35:06.983597","2025-10-21 15:39:48.461085"
45,"Dominick","Norris","M","free","2025-10-21 15:35:33.834452","2025-10-21 15:39:42.069143"
47,"Kimber","Norris","F","free","2025-10-21 15:35:10.04112","2025-10-21 15:39:44.780847"
48,"Marina","Sutton","F","free","2025-10-21 15:35:06.983597","2025-10-21 15:39:46.145446"
49,"Chloe","Cuevas","F","paid","2025-10-21 15:35:06.983597","2025-10-21 15:39:49.351278"
50,"Ava","Robinson","F","free","2025-10-21 15:35:06.983597","2025-10-21 15:39:49.351278"
51,"Maia","Burke","F","free","2025-10-21 15:35:07.651589","2025-10-21 15:39:42.740431"
52,"Theodore","Smith","M","free","2025-10-21 15:35:08.052393","2025-10-21 15:39:48.461085"
53,"Celeste","Williams","F","free","2025-10-21 15:35:07.387364","2025-10-21 15:39:46.276768"
54,"Kaleb","Cook","M","free","2025-10-21 15:35:06.983597","2025-10-21 15:39:48.461085"
55,"Martin","Johnson","M","free","2025-10-21 15:35:08.870509","2025-10-21 15:39:48.461085"
56,"Cienna","Freeman","F","free","2025-10-21 15:35:35.203131","2025-10-21 15:39:44.780847"
57,"Katherine","Gay","F","free","2025-10-21 15:35:08.052393","2025-10-21 15:39:49.351278"
58,"Emily","Benson","F","paid","2025-10-21 15:35:11.552087","2025-10-21 15:39:47.457815"
59,"Lily","Cooper","F","free","2025-10-21 15:35:14.855347","2025-10-21 15:39:38.51069"
60,"Devin","Larson","M","free","2025-10-21 15:35:08.052393","2025-10-21 15:39:47.457815"
61,"Samuel","Gonzalez","M","free","2025-10-21 15:35:06.983597","2025-10-21 15:39:49.351278"
62,"Connar","Moreno","M","free","2025-10-21 15:35:07.387364","2025-10-21 15:39:38.51069"
63,"Ayla","Johnson","F","free","2025-10-21 15:35:07.387364","2025-10-21 15:39:47.457815"
64,"Hannah","Calhoun","F","free","2025-10-21 15:35:10.04112","2025-10-21 15:39:42.740431"
65,"Amiya","Davidson","F","paid","2025-10-21 15:35:34.574033","2025-10-21 15:39:43.516646"
66,"Kevin","Arellano","M","free","2025-10-21 15:35:06.983597","2025-10-21 15:39:46.824111"
67,"Colm","Santana","M","free","2025-10-21 15:35:10.04112","2025-10-21 15:39:45.395939"
68,"Jordan","Rodriguez","F","free","2025-10-21 15:35:11.552087","2025-10-21 15:39:45.395939"
69,"Anabelle","Simpson","F","free","2025-10-21 15:35:07.387364","2025-10-21 15:39:47.457815"
70,"Jaleah","Hayes","F","paid","2025-10-21 15:35:17.597969","2025-10-21 15:39:42.069143"
71,"Ayleen","Wise","F","free","2025-10-21 15:35:06.983597","2025-10-21 15:39:42.069143"
72,"Hayden","Brock","F","paid","2025-10-21 15:35:09.658034","2025-10-21 15:39:46.276768"
73,"Jacob","Klein","M","paid","2025-10-21 15:35:07.651589","2025-10-21 15:39:49.351278"
74,"Braden","Parker","M","free","2025-10-21 15:35:07.651589","2025-10-21 15:39:49.351278"
75,"Joseph","Gutierrez","M","free","2025-10-21 15:35:06.983597","2025-10-21 15:39:48.461085"
76,"Jayden","Duffy","F","free","2025-10-21 15:35:11.552087","2025-10-21 15:39:47.457815"
77,"Magdalene","Herman","F","free","2025-10-21 15:35:07.651589","2025-10-21 15:39:46.824111"
78,"Chloe","Roth","F","free","2025-10-21 15:35:07.651589","2025-10-21 15:39:49.351278"
79,"James","Martin","M","free","2025-10-21 15:35:17.900042","2025-10-21 15:39:48.461085"
80,"Tegan","Levine","F","paid","2025-10-21 15:35:06.983597","2025-10-21 15:39:48.461085"
81,"Sienna","Colon","F","free","2025-10-21 15:35:08.052393","2025-10-21 15:39:42.740431"
82,"Avery","Martinez","F","paid","2025-10-21 15:35:36.524074","2025-10-21 15:39:48.461085"
83,"Stefany","White","F","free","2025-10-21 15:35:06.983597","2025-10-21 15:39:45.395939"
84,"Shakira","Hunt","F","free","2025-10-21 15:35:08.052393","2025-10-21 15:39:35.5288"
85,"Kinsley","Young","F","paid","2025-10-21 15:35:10.04112","2025-10-21 15:39:49.351278"
86,"Aiden","Hess","M","free","2025-10-21 15:35:06.983597","2025-10-21 15:39:49.351278"
87,"Dustin","Lee","M","free","2025-10-21 15:35:35.498534","2025-10-21 15:39:45.395939"
88,"Mohammad","Rodriguez","M","paid","2025-10-21 15:35:06.983597","2025-10-21 15:39:49.351278"
89,"Kynnedi","Sanchez","F","free","2025-10-21 15:35:06.983597","2025-10-21 15:39:48.461085"
90,"Andrea","Butler","F","free","2025-10-21 15:35:16.884321","2025-10-21 15:39:44.780847"
91,"Jayden","Bell","M","free","2025-10-21 15:35:08.052393","2025-10-21 15:39:49.351278"
92,"Ryann","Smith","F","free","2025-10-21 15:35:08.870509","2025-10-21 15:39:49.351278"
94,"Noah","Chavez","M","free","2025-10-21 15:35:08.052393","2025-10-21 15:39:44.780847"
95,"Sara","Johnson","F","paid","2025-10-21 15:35:07.387364","2025-10-21 15:39:45.395939"
96,"Cierra","Finley","F","free","2025-10-21 15:35:10.896319","2025-10-21 15:39:47.457815"
97,"Kate","Harrell","F","paid","2025-10-21 15:35:08.052393","2025-10-21 15:39:47.457815"
98,"Jordyn","Powell","F","free","2025-10-21 15:35:35.203131","2025-10-21 15:39:48.461085"
99,"Ann","Banks","F","free","2025-10-21 15:35:07.651589","2025-10-21 15:39:38.51069"
100,"Adler","Barrera","M","free","2025-10-21 15:35:06.983597","2025-10-21 15:39:47.457815"
101,"Jayden","Fox","M","free","2025-10-21 15:35:06.902661","2025-10-21 15:39:49.351278"
